id_partida,rodada,data_utc,status,mandante,visitante,gols_mandante,gols_visitante,vencedor
554740,1,2026-01-28T22:00:00Z,FINISHED,CA Mineiro,SE Palmeiras,2,2,DRAW
554744,1,2026-01-28T22:00:00Z,FINISHED,Coritiba FBC,RB Bragantino,0,1,AWAY_TEAM
554746,1,2026-01-28T22:00:00Z,FINISHED,SC Internacional,CA Paranaense,0,1,AWAY_TEAM
554749,1,2026-01-28T22:00:00Z,FINISHED,EC Vitória,Clube do Remo,2,0,HOME_TEAM
554745,1,2026-01-28T22:30:00Z,FINISHED,Fluminense FC,Grêmio FBPA,2,1,HOME_TEAM
554742,1,2026-01-28T23:00:00Z,FINISHED,Chapecoense AF,Santos FC,4,2,HOME_TEAM
554743,1,2026-01-28T23:00:00Z,FINISHED,SC Corinthians Paulista,EC Bahia,1,2,AWAY_TEAM
554748,1,2026-01-29T00:30:00Z,FINISHED,São Paulo FC,CR Flamengo,2,1,HOME_TEAM
554747,1,2026-01-29T23:00:00Z,FINISHED,Mirassol FC,CR Vasco da Gama,2,1,HOME_TEAM
554741,1,2026-01-30T00:30:00Z,FINISHED,Botafogo FR,Cruzeiro EC,4,0,HOME_TEAM
554752,2,2026-02-04T22:00:00Z,FINISHED,RB Bragantino,CA Mineiro,1,0,HOME_TEAM
554754,2,2026-02-04T22:00:00Z,FINISHED,CR Flamengo,SC Internacional,1,1,DRAW
554757,2,2026-02-04T23:00:00Z,FINISHED,Clube do Remo,Mirassol FC,2,2,DRAW
554758,2,2026-02-04T23:00:00Z,FINISHED,Santos FC,São Paulo FC,1,1,DRAW
554755,2,2026-02-05T00:30:00Z,FINISHED,Grêmio FBPA,Botafogo FR,5,3,HOME_TEAM
554756,2,2026-02-05T00:30:00Z,FINISHED,SE Palmeiras,EC Vitória,5,1,HOME_TEAM
554751,2,2026-02-05T22:00:00Z,FINISHED,EC Bahia,Fluminense FC,1,1,DRAW
554759,2,2026-02-05T23:00:00Z,FINISHED,CR Vasco da Gama,Chapecoense AF,1,1,DRAW
554753,2,2026-02-06T00:30:00Z,FINISHED,Cruzeiro EC,Coritiba FBC,1,2,AWAY_TEAM
554769,3,2026-02-11T00:30:00Z,FINISHED,EC Vitória,CR Flamengo,1,2,AWAY_TEAM
554762,3,2026-02-11T22:00:00Z,FINISHED,Chapecoense AF,Coritiba FBC,3,3,DRAW
554766,3,2026-02-11T22:00:00Z,FINISHED,Mirassol FC,Cruzeiro EC,2,2,DRAW
554761,3,2026-02-11T23:00:00Z,FINISHED,CA Mineiro,Clube do Remo,3,3,DRAW
554767,3,2026-02-12T00:30:00Z,FINISHED,São Paulo FC,Grêmio FBPA,2,0,HOME_TEAM
554768,3,2026-02-12T00:30:00Z,FINISHED,CR Vasco da Gama,EC Bahia,0,1,AWAY_TEAM
554760,3,2026-02-12T22:00:00Z,FINISHED,CA Paranaense,Santos FC,2,1,HOME_TEAM
554764,3,2026-02-12T22:30:00Z,FINISHED,Fluminense FC,Botafogo FR,1,0,HOME_TEAM
554763,3,2026-02-12T23:00:00Z,FINISHED,SC Corinthians Paulista,RB Bragantino,2,0,HOME_TEAM
554765,3,2026-02-13T00:30:00Z,FINISHED,SC Internacional,SE Palmeiras,1,3,AWAY_TEAM
554750,2,2026-02-19T22:30:00Z,FINISHED,CA Paranaense,SC Corinthians Paulista,0,1,AWAY_TEAM
554772,4,2026-02-25T22:00:00Z,FINISHED,RB Bragantino,CA Paranaense,1,1,DRAW
554778,4,2026-02-25T22:00:00Z,FINISHED,Clube do Remo,SC Internacional,1,1,DRAW
554773,4,2026-02-25T22:30:00Z,FINISHED,Coritiba FBC,São Paulo FC,0,1,AWAY_TEAM
554774,4,2026-02-25T23:00:00Z,FINISHED,Cruzeiro EC,SC Corinthians Paulista,1,1,DRAW
554776,4,2026-02-26T00:30:00Z,FINISHED,Grêmio FBPA,CA Mineiro,2,1,HOME_TEAM
554777,4,2026-02-26T00:30:00Z,FINISHED,SE Palmeiras,Fluminense FC,2,1,HOME_TEAM
554779,4,2026-02-26T22:00:00Z,FINISHED,Santos FC,CR Vasco da Gama,2,1,HOME_TEAM
554786,5,2026-03-11T00:30:00Z,FINISHED,Mirassol FC,Santos FC,2,2,DRAW
554781,5,2026-03-11T22:00:00Z,FINISHED,CA Mineiro,SC Internacional,1,0,HOME_TEAM
554782,5,2026-03-11T23:00:00Z,FINISHED,EC Bahia,EC Vitória,1,1,DRAW
554783,5,2026-03-12T00:30:00Z,FINISHED,SC Corinthians Paulista,Coritiba FBC,0,2,AWAY_TEAM
554784,5,2026-03-12T00:30:00Z,FINISHED,CR Flamengo,Cruzeiro EC,2,0,HOME_TEAM
554787,5,2026-03-12T22:00:00Z,FINISHED,Clube do Remo,Fluminense FC,0,2,AWAY_TEAM
554789,5,2026-03-12T22:30:00Z,FINISHED,CR Vasco da Gama,SE Palmeiras,2,1,HOME_TEAM
554788,5,2026-03-12T23:00:00Z,FINISHED,São Paulo FC,Chapecoense AF,2,0,HOME_TEAM
554785,5,2026-03-13T00:30:00Z,FINISHED,Grêmio FBPA,RB Bragantino,1,1,DRAW
554799,6,2026-03-14T21:30:00Z,FINISHED,EC Vitória,CA Mineiro,2,0,HOME_TEAM
554790,6,2026-03-14T23:30:00Z,FINISHED,Botafogo FR,CR Flamengo,0,3,AWAY_TEAM
554795,6,2026-03-15T19:00:00Z,FINISHED,Fluminense FC,CA Paranaense,3,2,HOME_TEAM
554796,6,2026-03-15T19:00:00Z,FINISHED,SC Internacional,EC Bahia,0,1,AWAY_TEAM
554798,6,2026-03-15T19:00:00Z,FINISHED,Santos FC,SC Corinthians Paulista,1,1,DRAW
554793,6,2026-03-15T21:30:00Z,FINISHED,Coritiba FBC,Clube do Remo,1,0,HOME_TEAM
554797,6,2026-03-15T21:30:00Z,FINISHED,SE Palmeiras,Mirassol FC,1,0,HOME_TEAM
554791,6,2026-03-15T23:30:00Z,FINISHED,RB Bragantino,São Paulo FC,1,2,AWAY_TEAM
554794,6,2026-03-15T23:30:00Z,FINISHED,Cruzeiro EC,CR Vasco da Gama,3,3,DRAW
554792,6,2026-03-16T23:00:00Z,FINISHED,Chapecoense AF,Grêmio FBPA,1,1,DRAW
554802,7,2026-03-18T22:00:00Z,FINISHED,EC Bahia,RB Bragantino,2,0,HOME_TEAM
554807,7,2026-03-18T22:00:00Z,FINISHED,SE Palmeiras,Botafogo FR,2,1,HOME_TEAM
554800,7,2026-03-18T22:30:00Z,FINISHED,CA Paranaense,Cruzeiro EC,2,1,HOME_TEAM
554801,7,2026-03-18T23:00:00Z,FINISHED,CA Mineiro,São Paulo FC,1,0,HOME_TEAM
554806,7,2026-03-18T23:00:00Z,FINISHED,Mirassol FC,Coritiba FBC,0,1,AWAY_TEAM
554808,7,2026-03-19T00:30:00Z,FINISHED,Santos FC,SC Internacional,1,2,AWAY_TEAM
554809,7,2026-03-19T00:30:00Z,FINISHED,CR Vasco da Gama,Fluminense FC,3,2,HOME_TEAM
554805,7,2026-03-19T22:00:00Z,FINISHED,Grêmio FBPA,EC Vitória,2,0,HOME_TEAM
554804,7,2026-03-19T23:00:00Z,FINISHED,CR Flamengo,Clube do Remo,3,0,HOME_TEAM
554803,7,2026-03-20T00:30:00Z,FINISHED,Chapecoense AF,SC Corinthians Paulista,0,0,DRAW
554811,8,2026-03-21T19:00:00Z,FINISHED,RB Bragantino,Botafogo FR,1,2,AWAY_TEAM
554814,8,2026-03-21T21:30:00Z,FINISHED,Fluminense FC,CA Mineiro,1,0,HOME_TEAM
554817,8,2026-03-22T00:00:00Z,FINISHED,São Paulo FC,SE Palmeiras,0,1,AWAY_TEAM
554810,8,2026-03-22T19:00:00Z,FINISHED,CA Paranaense,Coritiba FBC,2,0,HOME_TEAM
554813,8,2026-03-22T19:00:00Z,FINISHED,Cruzeiro EC,Santos FC,0,0,DRAW
554816,8,2026-03-22T19:00:00Z,FINISHED,Clube do Remo,EC Bahia,4,1,HOME_TEAM
554818,8,2026-03-22T19:00:00Z,FINISHED,CR Vasco da Gama,Grêmio FBPA,2,1,HOME_TEAM
554815,8,2026-03-22T21:30:00Z,FINISHED,SC Internacional,Chapecoense AF,2,0,HOME_TEAM
554819,8,2026-03-22T21:30:00Z,FINISHED,EC Vitória,Mirassol FC,1,0,HOME_TEAM
554812,8,2026-03-22T23:30:00Z,FINISHED,SC Corinthians Paulista,CR Flamengo,1,1,DRAW
554780,5,2026-03-29T22:30:00Z,FINISHED,CA Paranaense,Botafogo FR,4,1,HOME_TEAM
554821,9,2026-04-01T22:30:00Z,FINISHED,Botafogo FR,Mirassol FC,3,2,HOME_TEAM
554827,9,2026-04-01T22:30:00Z,FINISHED,SC Internacional,São Paulo FC,1,1,DRAW
554820,9,2026-04-01T23:00:00Z,FINISHED,EC Bahia,CA Paranaense,3,0,HOME_TEAM
554825,9,2026-04-01T23:00:00Z,FINISHED,Cruzeiro EC,EC Vitória,3,0,HOME_TEAM
554824,9,2026-04-01T23:30:00Z,FINISHED,Coritiba FBC,CR Vasco da Gama,1,1,DRAW
554826,9,2026-04-02T00:30:00Z,FINISHED,Fluminense FC,SC Corinthians Paulista,3,1,HOME_TEAM
554823,9,2026-04-02T22:00:00Z,FINISHED,Chapecoense AF,CA Mineiro,0,4,AWAY_TEAM
554829,9,2026-04-02T22:00:00Z,FINISHED,Santos FC,Clube do Remo,2,0,HOME_TEAM
554822,9,2026-04-03T00:30:00Z,FINISHED,RB Bragantino,CR Flamengo,3,0,HOME_TEAM
554828,9,2026-04-03T00:30:00Z,FINISHED,SE Palmeiras,Grêmio FBPA,2,1,HOME_TEAM
554838,10,2026-04-04T21:30:00Z,FINISHED,São Paulo FC,Cruzeiro EC,4,1,HOME_TEAM
554834,10,2026-04-04T23:30:00Z,FINISHED,Coritiba FBC,Fluminense FC,1,1,DRAW
554839,10,2026-04-05T00:00:00Z,FINISHED,CR Vasco da Gama,Botafogo FR,1,2,AWAY_TEAM
554832,10,2026-04-05T19:00:00Z,FINISHED,Chapecoense AF,EC Vitória,1,1,DRAW
554830,10,2026-04-05T20:30:00Z,FINISHED,CA Mineiro,CA Paranaense,2,1,HOME_TEAM
554835,10,2026-04-05T20:30:00Z,FINISHED,CR Flamengo,Santos FC,3,1,HOME_TEAM
554831,10,2026-04-05T22:30:00Z,FINISHED,EC Bahia,SE Palmeiras,1,2,AWAY_TEAM
554833,10,2026-04-05T22:30:00Z,FINISHED,SC Corinthians Paulista,SC Internacional,0,1,AWAY_TEAM
554837,10,2026-04-05T23:00:00Z,FINISHED,Mirassol FC,RB Bragantino,0,1,AWAY_TEAM
554836,10,2026-04-05T23:30:00Z,FINISHED,Grêmio FBPA,Clube do Remo,0,0,DRAW
554847,11,2026-04-11T19:30:00Z,FINISHED,Clube do Remo,CR Vasco da Gama,1,1,DRAW
554849,11,2026-04-11T19:30:00Z,FINISHED,EC Vitória,São Paulo FC,2,0,HOME_TEAM
554846,11,2026-04-11T21:30:00Z,FINISHED,Mirassol FC,EC Bahia,1,2,AWAY_TEAM
554848,11,2026-04-11T23:00:00Z,FINISHED,Santos FC,CA Mineiro,1,0,HOME_TEAM
554845,11,2026-04-11T23:30:00Z,FINISHED,SC Internacional,Grêmio FBPA,0,0,DRAW
554840,11,2026-04-12T14:00:00Z,FINISHED,CA Paranaense,Chapecoense AF,2,0,HOME_TEAM
554841,11,2026-04-12T19:00:00Z,FINISHED,Botafogo FR,Coritiba FBC,2,2,DRAW
554844,11,2026-04-12T21:00:00Z,FINISHED,Fluminense FC,CR Flamengo,1,2,AWAY_TEAM
554842,11,2026-04-12T21:30:00Z,FINISHED,SC Corinthians Paulista,SE Palmeiras,0,0,DRAW
554843,11,2026-04-12T21:30:00Z,FINISHED,Cruzeiro EC,RB Bragantino,2,1,HOME_TEAM
554851,12,2026-04-18T21:30:00Z,FINISHED,Chapecoense AF,Botafogo FR,1,4,AWAY_TEAM
554858,12,2026-04-18T21:30:00Z,FINISHED,CR Vasco da Gama,São Paulo FC,2,1,HOME_TEAM
554859,12,2026-04-18T23:00:00Z,FINISHED,EC Vitória,SC Corinthians Paulista,0,0,DRAW
554853,12,2026-04-18T23:30:00Z,FINISHED,Cruzeiro EC,Grêmio FBPA,2,0,HOME_TEAM
554855,12,2026-04-19T14:00:00Z,FINISHED,SC Internacional,Mirassol FC,1,2,AWAY_TEAM
554852,12,2026-04-19T19:00:00Z,FINISHED,Coritiba FBC,CA Mineiro,2,0,HOME_TEAM
554857,12,2026-04-19T19:00:00Z,FINISHED,Santos FC,Fluminense FC,2,3,AWAY_TEAM
554850,12,2026-04-19T21:30:00Z,FINISHED,RB Bragantino,Clube do Remo,4,2,HOME_TEAM
554856,12,2026-04-19T21:30:00Z,FINISHED,SE Palmeiras,CA Paranaense,1,0,HOME_TEAM
554854,12,2026-04-19T22:30:00Z,FINISHED,CR Flamengo,EC Bahia,2,0,HOME_TEAM
554862,13,2026-04-25T21:30:00Z,FINISHED,EC Bahia,Santos FC,2,2,DRAW
554863,13,2026-04-25T21:30:00Z,FINISHED,Botafogo FR,SC Internacional,2,2,DRAW
554868,13,2026-04-25T21:30:00Z,FINISHED,Clube do Remo,Cruzeiro EC,0,1,AWAY_TEAM
554869,13,2026-04-26T00:00:00Z,FINISHED,São Paulo FC,Mirassol FC,1,0,HOME_TEAM
554865,13,2026-04-26T19:00:00Z,FINISHED,SC Corinthians Paulista,CR Vasco da Gama,1,0,HOME_TEAM
554867,13,2026-04-26T19:00:00Z,FINISHED,Grêmio FBPA,Coritiba FBC,1,0,HOME_TEAM
554860,13,2026-04-26T21:30:00Z,FINISHED,CA Paranaense,EC Vitória,3,1,HOME_TEAM
554864,13,2026-04-26T21:30:00Z,FINISHED,RB Bragantino,SE Palmeiras,0,1,AWAY_TEAM
554861,13,2026-04-26T23:30:00Z,FINISHED,CA Mineiro,CR Flamengo,0,4,AWAY_TEAM
554866,13,2026-04-26T23:30:00Z,FINISHED,Fluminense FC,Chapecoense AF,2,1,HOME_TEAM
554871,14,2026-05-02T19:00:00Z,FINISHED,Botafogo FR,Clube do Remo,1,2,AWAY_TEAM
554877,14,2026-05-02T21:30:00Z,FINISHED,SE Palmeiras,Santos FC,1,1,DRAW
554879,14,2026-05-02T21:30:00Z,FINISHED,EC Vitória,Coritiba FBC,4,1,HOME_TEAM
554870,14,2026-05-02T23:30:00Z,FINISHED,CA Paranaense,Grêmio FBPA,0,0,DRAW
554873,14,2026-05-03T00:00:00Z,FINISHED,Cruzeiro EC,CA Mineiro,1,3,AWAY_TEAM
554874,14,2026-05-03T19:00:00Z,FINISHED,CR Flamengo,CR Vasco da Gama,2,2,DRAW
554878,14,2026-05-03T19:00:00Z,FINISHED,São Paulo FC,EC Bahia,2,2,DRAW
554872,14,2026-05-03T21:30:00Z,FINISHED,Chapecoense AF,RB Bragantino,1,2,AWAY_TEAM
554875,14,2026-05-03T21:30:00Z,FINISHED,SC Internacional,Fluminense FC,2,0,HOME_TEAM
554876,14,2026-05-03T23:30:00Z,FINISHED,Mirassol FC,SC Corinthians Paulista,2,1,HOME_TEAM
554883,15,2026-05-09T19:00:00Z,FINISHED,Coritiba FBC,SC Internacional,2,2,DRAW
554884,15,2026-05-09T21:00:00Z,FINISHED,Fluminense FC,EC Vitória,2,2,DRAW
554881,15,2026-05-10T00:00:00Z,FINISHED,EC Bahia,Cruzeiro EC,1,2,AWAY_TEAM
554880,15,2026-05-10T19:00:00Z,FINISHED,CA Mineiro,Botafogo FR,1,1,DRAW
554887,15,2026-05-10T20:40:00Z,FINISHED,Clube do Remo,SE Palmeiras,1,1,DRAW
554882,15,2026-05-10T21:30:00Z,FINISHED,SC Corinthians Paulista,São Paulo FC,3,2,HOME_TEAM
554886,15,2026-05-10T21:30:00Z,FINISHED,Mirassol FC,Chapecoense AF,1,1,DRAW
554888,15,2026-05-10T21:30:00Z,FINISHED,Santos FC,RB Bragantino,2,0,HOME_TEAM
554885,15,2026-05-10T22:30:00Z,FINISHED,Grêmio FBPA,CR Flamengo,0,1,AWAY_TEAM
554889,15,2026-05-10T23:30:00Z,FINISHED,CR Vasco da Gama,CA Paranaense,1,0,HOME_TEAM
554891,16,2026-05-16T21:30:00Z,FINISHED,CA Mineiro,Mirassol FC,3,1,HOME_TEAM
554897,16,2026-05-16T21:30:00Z,FINISHED,SC Internacional,CR Vasco da Gama,4,1,HOME_TEAM
554896,16,2026-05-16T22:00:00Z,FINISHED,Fluminense FC,São Paulo FC,2,1,HOME_TEAM
554898,16,2026-05-17T00:00:00Z,FINISHED,SE Palmeiras,Cruzeiro EC,1,1,DRAW
554899,16,2026-05-17T14:00:00Z,FINISHED,Santos FC,Coritiba FBC,0,3,AWAY_TEAM
554892,16,2026-05-17T19:00:00Z,FINISHED,EC Bahia,Grêmio FBPA,1,1,DRAW
554893,16,2026-05-17T19:00:00Z,FINISHED,Botafogo FR,SC Corinthians Paulista,3,1,HOME_TEAM
554894,16,2026-05-17T21:30:00Z,FINISHED,RB Bragantino,EC Vitória,2,0,HOME_TEAM
554895,16,2026-05-17T21:30:00Z,FINISHED,Chapecoense AF,Clube do Remo,2,3,AWAY_TEAM
554890,16,2026-05-17T22:30:00Z,FINISHED,CA Paranaense,CR Flamengo,1,1,DRAW
554907,17,2026-05-23T20:00:00Z,FINISHED,São Paulo FC,Botafogo FR,1,1,DRAW
554909,17,2026-05-23T20:00:00Z,FINISHED,EC Vitória,SC Internacional,2,0,HOME_TEAM
554904,17,2026-05-23T22:00:00Z,FINISHED,Grêmio FBPA,Santos FC,3,2,HOME_TEAM
554905,17,2026-05-23T22:00:00Z,FINISHED,Mirassol FC,Fluminense FC,1,0,HOME_TEAM
554903,17,2026-05-24T00:00:00Z,FINISHED,CR Flamengo,SE Palmeiras,0,3,AWAY_TEAM
554902,17,2026-05-24T19:00:00Z,FINISHED,Cruzeiro EC,Chapecoense AF,2,1,HOME_TEAM
554906,17,2026-05-24T19:00:00Z,FINISHED,Clube do Remo,CA Paranaense,1,2,AWAY_TEAM
554900,17,2026-05-24T21:30:00Z,FINISHED,SC Corinthians Paulista,CA Mineiro,1,0,HOME_TEAM
554908,17,2026-05-24T23:30:00Z,FINISHED,CR Vasco da Gama,RB Bragantino,0,3,AWAY_TEAM
554901,17,2026-05-25T23:00:00Z,FINISHED,Coritiba FBC,EC Bahia,3,2,HOME_TEAM
554910,18,2026-05-30T19:00:00Z,FINISHED,CA Paranaense,Mirassol FC,1,0,HOME_TEAM
554914,18,2026-05-30T19:00:00Z,FINISHED,CR Flamengo,Coritiba FBC,3,0,HOME_TEAM
554911,18,2026-05-30T20:30:00Z,FINISHED,EC Bahia,Botafogo FR,2,1,HOME_TEAM
554915,18,2026-05-30T20:30:00Z,FINISHED,Grêmio FBPA,SC Corinthians Paulista,1,3,AWAY_TEAM
554918,18,2026-05-30T23:00:00Z,FINISHED,Santos FC,EC Vitória,3,1,HOME_TEAM
554912,18,2026-05-31T14:00:00Z,FINISHED,RB Bragantino,SC Internacional,3,1,HOME_TEAM
554916,18,2026-05-31T19:00:00Z,FINISHED,SE Palmeiras,Chapecoense AF,1,0,HOME_TEAM
554919,18,2026-05-31T19:00:00Z,FINISHED,CR Vasco da Gama,CA Mineiro,0,1,AWAY_TEAM
554913,18,2026-05-31T23:30:00Z,FINISHED,Cruzeiro EC,Fluminense FC,1,1,DRAW
554917,18,2026-05-31T23:30:00Z,FINISHED,Clube do Remo,São Paulo FC,1,0,HOME_TEAM
554921,19,2026-07-16T22:30:00Z,FINISHED,Botafogo FR,Santos FC,2,1,HOME_TEAM
554929,19,2026-07-16T22:30:00Z,FINISHED,EC Vitória,CR Vasco da Gama,1,0,HOME_TEAM
554770,4,2026-07-17T22:30:00Z,FINISHED,EC Bahia,Chapecoense AF,2,0,HOME_TEAM
554925,19,2026-07-17T23:00:00Z,FINISHED,Fluminense FC,RB Bragantino,1,1,DRAW
554927,19,2026-07-17T23:00:00Z,FINISHED,Mirassol FC,Grêmio FBPA,2,1,HOME_TEAM
554920,19,2026-07-21T22:30:00Z,FINISHED,CA Mineiro,EC Bahia,1,1,DRAW
554924,19,2026-07-22T22:30:00Z,FINISHED,Coritiba FBC,SE Palmeiras,1,3,AWAY_TEAM
554922,19,2026-07-23T00:30:00Z,FINISHED,Chapecoense AF,CR Flamengo,0,4,AWAY_TEAM
554926,19,2026-07-23T00:30:00Z,FINISHED,SC Internacional,Cruzeiro EC,1,2,AWAY_TEAM
554928,19,2026-07-23T00:30:00Z,FINISHED,São Paulo FC,CA Paranaense,1,2,AWAY_TEAM
554771,4,2026-07-23T22:30:00Z,FINISHED,Botafogo FR,EC Vitória,0,0,DRAW
554923,19,2026-07-23T22:30:00Z,FINISHED,SC Corinthians Paulista,Clube do Remo,3,0,HOME_TEAM
554930,20,2026-07-25T21:30:00Z,FINISHED,CA Paranaense,SC Internacional,2,0,HOME_TEAM
554938,20,2026-07-25T21:30:00Z,FINISHED,Santos FC,Chapecoense AF,2,2,DRAW
554939,20,2026-07-25T23:30:00Z,FINISHED,CR Vasco da Gama,Mirassol FC,1,1,DRAW
554931,20,2026-07-26T19:00:00Z,FINISHED,EC Bahia,SC Corinthians Paulista,1,1,DRAW
554933,20,2026-07-26T19:00:00Z,FINISHED,Cruzeiro EC,Botafogo FR,0,1,AWAY_TEAM
554932,20,2026-07-26T21:30:00Z,FINISHED,RB Bragantino,Coritiba FBC,0,0,DRAW
554934,20,2026-07-26T21:30:00Z,FINISHED,CR Flamengo,São Paulo FC,1,1,DRAW
554935,20,2026-07-26T21:30:00Z,FINISHED,Grêmio FBPA,Fluminense FC,1,1,DRAW
554936,20,2026-07-26T22:30:00Z,FINISHED,SE Palmeiras,CA Mineiro,1,2,AWAY_TEAM
554937,20,2026-07-26T22:30:00Z,FINISHED,Clube do Remo,EC Vitória,2,0,HOME_TEAM
554940,21,2026-07-29T00:00:00Z,POSTPONED,CA Mineiro,RB Bragantino,0,0,
554942,21,2026-07-29T00:00:00Z,POSTPONED,Chapecoense AF,CR Vasco da Gama,0,0,
554948,21,2026-07-29T00:00:00Z,POSTPONED,São Paulo FC,Santos FC,0,0,
554946,21,2026-07-29T22:30:00Z,FINISHED,SC Internacional,CR Flamengo,1,1,DRAW
554947,21,2026-07-29T22:30:00Z,FINISHED,Mirassol FC,Clube do Remo,2,1,HOME_TEAM
554945,21,2026-07-30T00:30:00Z,FINISHED,Fluminense FC,EC Bahia,0,0,DRAW
554949,21,2026-07-30T00:30:00Z,FINISHED,EC Vitória,SE Palmeiras,0,4,AWAY_TEAM
554943,21,2026-07-30T22:30:00Z,FINISHED,SC Corinthians Paulista,CA Paranaense,0,0,DRAW
554944,21,2026-07-31T00:30:00Z,FINISHED,Coritiba FBC,Cruzeiro EC,0,1,AWAY_TEAM
554956,22,2026-08-08T19:00:00Z,FINISHED,Grêmio FBPA,São Paulo FC,2,1,HOME_TEAM
554958,22,2026-08-08T21:30:00Z,FINISHED,Clube do Remo,CA Mineiro,2,2,DRAW
554953,22,2026-08-08T23:30:00Z,FINISHED,Coritiba FBC,Chapecoense AF,2,1,HOME_TEAM
554951,22,2026-08-09T00:00:00Z,FINISHED,Botafogo FR,Fluminense FC,1,1,DRAW
554954,22,2026-08-09T14:00:00Z,FINISHED,Cruzeiro EC,Mirassol FC,3,1,HOME_TEAM
554950,22,2026-08-09T19:00:00Z,FINISHED,EC Bahia,CR Vasco da Gama,0,0,DRAW
554957,22,2026-08-09T19:00:00Z,FINISHED,SE Palmeiras,SC Internacional,0,0,DRAW
554952,22,2026-08-09T21:30:00Z,FINISHED,RB Bragantino,SC Corinthians Paulista,0,2,AWAY_TEAM
554959,22,2026-08-09T21:30:00Z,FINISHED,Santos FC,CA Paranaense,0,2,AWAY_TEAM
554955,22,2026-08-09T22:30:00Z,FINISHED,CR Flamengo,EC Vitória,2,0,HOME_TEAM
554964,23,2026-08-15T19:30:00Z,FINISHED,Fluminense FC,SE Palmeiras,3,2,HOME_TEAM
554960,23,2026-08-15T21:30:00Z,FINISHED,CA Paranaense,RB Bragantino,1,1,DRAW
554967,23,2026-08-16T00:00:00Z,FINISHED,São Paulo FC,Coritiba FBC,1,1,DRAW
554962,23,2026-08-16T14:00:00Z,FINISHED,Chapecoense AF,EC Bahia,3,3,DRAW
554961,23,2026-08-16T19:00:00Z,FINISHED,CA Mineiro,Grêmio FBPA,3,0,HOME_TEAM
554968,23,2026-08-16T19:00:00Z,FINISHED,CR Vasco da Gama,Santos FC,0,3,AWAY_TEAM
554966,23,2026-08-16T21:30:00Z,FINISHED,Mirassol FC,CR Flamengo,1,5,AWAY_TEAM
554969,23,2026-08-16T21:30:00Z,FINISHED,EC Vitória,Botafogo FR,1,0,HOME_TEAM
554963,23,2026-08-16T22:30:00Z,FINISHED,SC Corinthians Paulista,Cruzeiro EC,1,2,AWAY_TEAM
554965,23,2026-08-17T23:00:00Z,FINISHED,SC Internacional,Clube do Remo,1,1,DRAW
554975,24,2026-08-22T19:00:00Z,FINISHED,Fluminense FC,Clube do Remo,2,1,HOME_TEAM
554976,24,2026-08-22T21:30:00Z,FINISHED,SC Internacional,CA Mineiro,0,0,DRAW
554974,24,2026-08-22T23:30:00Z,FINISHED,Cruzeiro EC,CR Flamengo,2,1,HOME_TEAM
554971,24,2026-08-23T19:00:00Z,FINISHED,RB Bragantino,Grêmio FBPA,1,0,HOME_TEAM
554977,24,2026-08-23T19:00:00Z,FINISHED,SE Palmeiras,CR Vasco da Gama,4,1,HOME_TEAM
554979,24,2026-08-23T19:00:00Z,FINISHED,EC Vitória,EC Bahia,0,2,AWAY_TEAM
554972,24,2026-08-23T21:30:00Z,FINISHED,Chapecoense AF,São Paulo FC,1,0,HOME_TEAM
554978,24,2026-08-23T21:30:00Z,FINISHED,Santos FC,Mirassol FC,1,1,DRAW
554973,24,2026-08-23T22:30:00Z,FINISHED,Coritiba FBC,SC Corinthians Paulista,2,1,HOME_TEAM
554970,24,2026-08-24T23:00:00Z,FINISHED,Botafogo FR,CA Paranaense,2,3,AWAY_TEAM
554981,25,2026-08-29T21:30:00Z,FINISHED,CA Mineiro,EC Vitória,2,1,HOME_TEAM
554988,25,2026-08-29T23:00:00Z,FINISHED,São Paulo FC,RB Bragantino,2,1,HOME_TEAM
554989,25,2026-08-30T00:20:00Z,FINISHED,CR Vasco da Gama,Cruzeiro EC,3,1,HOME_TEAM
554980,25,2026-08-30T14:00:00Z,FINISHED,CA Paranaense,Fluminense FC,3,3,DRAW
554983,25,2026-08-30T19:00:00Z,FINISHED,SC Corinthians Paulista,Santos FC,0,1,AWAY_TEAM
554984,25,2026-08-30T19:00:00Z,FINISHED,CR Flamengo,Botafogo FR,3,0,HOME_TEAM
554985,25,2026-08-30T21:30:00Z,FINISHED,Grêmio FBPA,Chapecoense AF,3,1,HOME_TEAM
554986,25,2026-08-30T21:30:00Z,FINISHED,Mirassol FC,SE Palmeiras,1,1,DRAW
554982,25,2026-08-30T22:30:00Z,FINISHED,EC Bahia,SC Internacional,3,2,HOME_TEAM
554987,25,2026-08-31T23:00:00Z,FINISHED,Clube do Remo,Coritiba FBC,2,3,AWAY_TEAM
554775,4,2026-09-02T22:30:00Z,FINISHED,CR Flamengo,Mirassol FC,2,0,HOME_TEAM
554991,26,2026-09-05T19:00:00Z,FINISHED,RB Bragantino,EC Bahia,2,3,AWAY_TEAM
554998,26,2026-09-05T21:30:00Z,FINISHED,São Paulo FC,CA Mineiro,2,0,HOME_TEAM
554995,26,2026-09-06T00:00:00Z,FINISHED,Fluminense FC,CR Vasco da Gama,1,0,HOME_TEAM
554993,26,2026-09-06T14:00:00Z,FINISHED,Coritiba FBC,Mirassol FC,1,2,AWAY_TEAM
554994,26,2026-09-06T19:00:00Z,FINISHED,Cruzeiro EC,CA Paranaense,3,1,HOME_TEAM
554996,26,2026-09-06T19:00:00Z,FINISHED,SC Internacional,Santos FC,2,3,AWAY_TEAM
554997,26,2026-09-06T19:00:00Z,FINISHED,Clube do Remo,CR Flamengo,0,1,AWAY_TEAM
554990,26,2026-09-06T21:30:00Z,FINISHED,Botafogo FR,SE Palmeiras,0,0,DRAW
554992,26,2026-09-06T22:30:00Z,FINISHED,SC Corinthians Paulista,Chapecoense AF,1,2,AWAY_TEAM
554999,26,2026-09-07T23:00:00Z,FINISHED,EC Vitória,Grêmio FBPA,1,0,HOME_TEAM
555004,27,2026-09-12T00:00:00Z,FINISHED,Coritiba FBC,CA Paranaense,3,3,DRAW
555000,27,2026-09-12T19:00:00Z,FINISHED,CA Mineiro,Fluminense FC,3,1,HOME_TEAM
555006,27,2026-09-12T19:00:00Z,FINISHED,Grêmio FBPA,CR Vasco da Gama,1,2,AWAY_TEAM
555003,27,2026-09-12T20:00:00Z,FINISHED,Chapecoense AF,SC Internacional,1,2,AWAY_TEAM
555008,27,2026-09-12T21:30:00Z,FINISHED,SE Palmeiras,São Paulo FC,2,0,HOME_TEAM
555002,27,2026-09-12T23:30:00Z,FINISHED,Botafogo FR,RB Bragantino,1,1,DRAW
555009,27,2026-09-13T00:00:00Z,FINISHED,Santos FC,Cruzeiro EC,2,1,HOME_TEAM
555007,27,2026-09-13T19:00:00Z,FINISHED,Mirassol FC,EC Vitória,2,2,DRAW
555005,27,2026-09-13T20:30:00Z,FINISHED,CR Flamengo,SC Corinthians Paulista,2,1,HOME_TEAM
555001,27,2026-09-14T23:00:00Z,TIMED,EC Bahia,Clube do Remo,0,0,
554941,21,2026-09-16T22:30:00Z,TIMED,Botafogo FR,Grêmio FBPA,0,0,
555011,28,2026-09-19T19:00:00Z,TIMED,CA Mineiro,Chapecoense AF,0,0,
555015,28,2026-09-19T20:00:00Z,TIMED,Mirassol FC,Botafogo FR,0,0,
555016,28,2026-09-19T21:30:00Z,TIMED,Clube do Remo,Santos FC,0,0,
555018,28,2026-09-19T23:30:00Z,TIMED,CR Vasco da Gama,Coritiba FBC,0,0,
555017,28,2026-09-20T00:00:00Z,TIMED,São Paulo FC,SC Internacional,0,0,
555014,28,2026-09-20T14:00:00Z,TIMED,Grêmio FBPA,SE Palmeiras,0,0,
555012,28,2026-09-20T19:00:00Z,TIMED,SC Corinthians Paulista,Fluminense FC,0,0,
555019,28,2026-09-20T19:00:00Z,TIMED,EC Vitória,Cruzeiro EC,0,0,
555013,28,2026-09-20T21:30:00Z,TIMED,CR Flamengo,RB Bragantino,0,0,
555010,28,2026-09-20T22:30:00Z,TIMED,CA Paranaense,EC Bahia,0,0,
555022,29,2026-10-07T22:30:00Z,TIMED,RB Bragantino,Mirassol FC,0,0,
555025,29,2026-10-07T22:30:00Z,TIMED,SC Internacional,SC Corinthians Paulista,0,0,
555027,29,2026-10-07T22:30:00Z,TIMED,Clube do Remo,Grêmio FBPA,0,0,
555029,29,2026-10-07T23:00:00Z,TIMED,EC Vitória,Chapecoense AF,0,0,
555021,29,2026-10-07T23:30:00Z,TIMED,Botafogo FR,CR Vasco da Gama,0,0,
555023,29,2026-10-08T00:30:00Z,TIMED,Cruzeiro EC,São Paulo FC,0,0,
555028,29,2026-10-08T22:30:00Z,TIMED,Santos FC,CR Flamengo,0,0,
555020,29,2026-10-08T23:00:00Z,TIMED,CA Paranaense,CA Mineiro,0,0,
555024,29,2026-10-09T00:30:00Z,TIMED,Fluminense FC,Coritiba FBC,0,0,
555026,29,2026-10-09T00:30:00Z,TIMED,SE Palmeiras,EC Bahia,0,0,
555039,30,2026-10-10T20:00:00Z,TIMED,CR Vasco da Gama,Clube do Remo,0,0,
555038,30,2026-10-11T00:00:00Z,TIMED,São Paulo FC,EC Vitória,0,0,
555030,30,2026-10-11T19:00:00Z,TIMED,CA Mineiro,Santos FC,0,0,
555035,30,2026-10-11T20:30:00Z,TIMED,CR Flamengo,Fluminense FC,0,0,
555036,30,2026-10-11T20:30:00Z,TIMED,Grêmio FBPA,SC Internacional,0,0,
555037,30,2026-10-11T20:30:00Z,TIMED,SE Palmeiras,SC Corinthians Paulista,0,0,
555031,30,2026-10-11T22:30:00Z,TIMED,EC Bahia,Mirassol FC,0,0,
555034,30,2026-10-11T22:30:00Z,TIMED,Coritiba FBC,Botafogo FR,0,0,
555033,30,2026-10-12T22:30:00Z,TIMED,Chapecoense AF,CA Paranaense,0,0,
555032,30,2026-10-13T00:00:00Z,TIMED,RB Bragantino,Cruzeiro EC,0,0,
555040,31,2026-10-17T00:00:00Z,SCHEDULED,CA Paranaense,SE Palmeiras,0,0,
555041,31,2026-10-17T00:00:00Z,SCHEDULED,CA Mineiro,Coritiba FBC,0,0,
555042,31,2026-10-17T00:00:00Z,SCHEDULED,EC Bahia,CR Flamengo,0,0,
555043,31,2026-10-17T00:00:00Z,SCHEDULED,Botafogo FR,Chapecoense AF,0,0,
555044,31,2026-10-17T00:00:00Z,SCHEDULED,SC Corinthians Paulista,EC Vitória,0,0,
555045,31,2026-10-17T00:00:00Z,SCHEDULED,Fluminense FC,Santos FC,0,0,
555046,31,2026-10-17T00:00:00Z,SCHEDULED,Grêmio FBPA,Cruzeiro EC,0,0,
555047,31,2026-10-17T00:00:00Z,SCHEDULED,Mirassol FC,SC Internacional,0,0,
555048,31,2026-10-17T00:00:00Z,SCHEDULED,Clube do Remo,RB Bragantino,0,0,
555049,31,2026-10-17T00:00:00Z,SCHEDULED,São Paulo FC,CR Vasco da Gama,0,0,
555050,32,2026-10-24T00:00:00Z,SCHEDULED,Chapecoense AF,Fluminense FC,0,0,
555051,32,2026-10-24T00:00:00Z,SCHEDULED,Coritiba FBC,Grêmio FBPA,0,0,
555052,32,2026-10-24T00:00:00Z,SCHEDULED,Cruzeiro EC,Clube do Remo,0,0,
555053,32,2026-10-24T00:00:00Z,SCHEDULED,CR Flamengo,CA Mineiro,0,0,
555054,32,2026-10-24T00:00:00Z,SCHEDULED,SC Internacional,Botafogo FR,0,0,
555055,32,2026-10-24T00:00:00Z,SCHEDULED,Mirassol FC,São Paulo FC,0,0,
555056,32,2026-10-24T00:00:00Z,SCHEDULED,SE Palmeiras,RB Bragantino,0,0,
555057,32,2026-10-24T00:00:00Z,SCHEDULED,Santos FC,EC Bahia,0,0,
555058,32,2026-10-24T00:00:00Z,SCHEDULED,CR Vasco da Gama,SC Corinthians Paulista,0,0,
555059,32,2026-10-24T00:00:00Z,SCHEDULED,EC Vitória,CA Paranaense,0,0,
555060,33,2026-10-28T00:00:00Z,SCHEDULED,CA Mineiro,Cruzeiro EC,0,0,
555061,33,2026-10-28T00:00:00Z,SCHEDULED,EC Bahia,São Paulo FC,0,0,
555062,33,2026-10-28T00:00:00Z,SCHEDULED,RB Bragantino,Chapecoense AF,0,0,
555063,33,2026-10-28T00:00:00Z,SCHEDULED,SC Corinthians Paulista,Mirassol FC,0,0,
555064,33,2026-10-28T00:00:00Z,SCHEDULED,Coritiba FBC,EC Vitória,0,0,
555065,33,2026-10-28T00:00:00Z,SCHEDULED,Fluminense FC,SC Internacional,0,0,
555066,33,2026-10-28T00:00:00Z,SCHEDULED,Grêmio FBPA,CA Paranaense,0,0,
555067,33,2026-10-28T00:00:00Z,SCHEDULED,Clube do Remo,Botafogo FR,0,0,
555068,33,2026-10-28T00:00:00Z,SCHEDULED,Santos FC,SE Palmeiras,0,0,
555069,33,2026-10-28T00:00:00Z,SCHEDULED,CR Vasco da Gama,CR Flamengo,0,0,
555070,34,2026-11-04T00:00:00Z,SCHEDULED,CA Paranaense,CR Vasco da Gama,0,0,
555071,34,2026-11-04T00:00:00Z,SCHEDULED,Botafogo FR,CA Mineiro,0,0,
555072,34,2026-11-04T00:00:00Z,SCHEDULED,RB Bragantino,Santos FC,0,0,
555073,34,2026-11-04T00:00:00Z,SCHEDULED,Chapecoense AF,Mirassol FC,0,0,
555074,34,2026-11-04T00:00:00Z,SCHEDULED,Cruzeiro EC,EC Bahia,0,0,
555075,34,2026-11-04T00:00:00Z,SCHEDULED,CR Flamengo,Grêmio FBPA,0,0,
555076,34,2026-11-04T00:00:00Z,SCHEDULED,SC Internacional,Coritiba FBC,0,0,
555077,34,2026-11-04T00:00:00Z,SCHEDULED,SE Palmeiras,Clube do Remo,0,0,
555078,34,2026-11-04T00:00:00Z,SCHEDULED,São Paulo FC,SC Corinthians Paulista,0,0,
555079,34,2026-11-04T00:00:00Z,SCHEDULED,EC Vitória,Fluminense FC,0,0,
555080,35,2026-11-18T00:00:00Z,SCHEDULED,SC Corinthians Paulista,Botafogo FR,0,0,
555081,35,2026-11-18T00:00:00Z,SCHEDULED,Coritiba FBC,Santos FC,0,0,
555082,35,2026-11-18T00:00:00Z,SCHEDULED,Cruzeiro EC,SE Palmeiras,0,0,
555083,35,2026-11-18T00:00:00Z,SCHEDULED,CR Flamengo,CA Paranaense,0,0,
555084,35,2026-11-18T00:00:00Z,SCHEDULED,Grêmio FBPA,EC Bahia,0,0,
555085,35,2026-11-18T00:00:00Z,SCHEDULED,Mirassol FC,CA Mineiro,0,0,
555086,35,2026-11-18T00:00:00Z,SCHEDULED,Clube do Remo,Chapecoense AF,0,0,
555087,35,2026-11-18T00:00:00Z,SCHEDULED,São Paulo FC,Fluminense FC,0,0,
555088,35,2026-11-18T00:00:00Z,SCHEDULED,CR Vasco da Gama,SC Internacional,0,0,
555089,35,2026-11-18T00:00:00Z,SCHEDULED,EC Vitória,RB Bragantino,0,0,
555090,36,2026-11-21T00:00:00Z,SCHEDULED,CA Paranaense,Clube do Remo,0,0,
555091,36,2026-11-21T00:00:00Z,SCHEDULED,CA Mineiro,SC Corinthians Paulista,0,0,
555092,36,2026-11-21T00:00:00Z,SCHEDULED,EC Bahia,Coritiba FBC,0,0,
555093,36,2026-11-21T00:00:00Z,SCHEDULED,Botafogo FR,São Paulo FC,0,0,
555094,36,2026-11-21T00:00:00Z,SCHEDULED,RB Bragantino,CR Vasco da Gama,0,0,
555095,36,2026-11-21T00:00:00Z,SCHEDULED,Chapecoense AF,Cruzeiro EC,0,0,
555096,36,2026-11-21T00:00:00Z,SCHEDULED,Fluminense FC,Mirassol FC,0,0,
555097,36,2026-11-21T00:00:00Z,SCHEDULED,SC Internacional,EC Vitória,0,0,
555098,36,2026-11-21T00:00:00Z,SCHEDULED,SE Palmeiras,CR Flamengo,0,0,
555099,36,2026-11-21T00:00:00Z,SCHEDULED,Santos FC,Grêmio FBPA,0,0,
555100,37,2026-11-28T00:00:00Z,SCHEDULED,CA Mineiro,CR Vasco da Gama,0,0,
555101,37,2026-11-28T00:00:00Z,SCHEDULED,Botafogo FR,EC Bahia,0,0,
555102,37,2026-11-28T00:00:00Z,SCHEDULED,Chapecoense AF,SE Palmeiras,0,0,
555103,37,2026-11-28T00:00:00Z,SCHEDULED,SC Corinthians Paulista,Grêmio FBPA,0,0,
555104,37,2026-11-28T00:00:00Z,SCHEDULED,Coritiba FBC,CR Flamengo,0,0,
555105,37,2026-11-28T00:00:00Z,SCHEDULED,Fluminense FC,Cruzeiro EC,0,0,
555106,37,2026-11-28T00:00:00Z,SCHEDULED,SC Internacional,RB Bragantino,0,0,
555107,37,2026-11-28T00:00:00Z,SCHEDULED,Mirassol FC,CA Paranaense,0,0,
555108,37,2026-11-28T00:00:00Z,SCHEDULED,São Paulo FC,Clube do Remo,0,0,
555109,37,2026-11-28T00:00:00Z,SCHEDULED,EC Vitória,Santos FC,0,0,
555110,38,2026-12-02T00:00:00Z,SCHEDULED,CA Paranaense,São Paulo FC,0,0,
555111,38,2026-12-02T00:00:00Z,SCHEDULED,EC Bahia,CA Mineiro,0,0,
555112,38,2026-12-02T00:00:00Z,SCHEDULED,RB Bragantino,Fluminense FC,0,0,
555113,38,2026-12-02T00:00:00Z,SCHEDULED,Cruzeiro EC,SC Internacional,0,0,
555114,38,2026-12-02T00:00:00Z,SCHEDULED,CR Flamengo,Chapecoense AF,0,0,
555115,38,2026-12-02T00:00:00Z,SCHEDULED,Grêmio FBPA,Mirassol FC,0,0,
555116,38,2026-12-02T00:00:00Z,SCHEDULED,SE Palmeiras,Coritiba FBC,0,0,
555117,38,2026-12-02T00:00:00Z,SCHEDULED,Clube do Remo,SC Corinthians Paulista,0,0,
555118,38,2026-12-02T00:00:00Z,SCHEDULED,Santos FC,Botafogo FR,0,0,
555119,38,2026-12-02T00:00:00Z,SCHEDULED,CR Vasco da Gama,EC Vitória,0,0,
